cid_value,country_value,region_value,rating_value
"3715278914","India","Asia Pacific","AdWords Business Global Winner"
"8150992559","United States","Americas","AdWords Business Regional Winner Americas"
"5053993634","India","Asia Pacific","AdWords Business Regional Winner Asia Pacific"
"2172973789","Germany","Europe","AdWords Business Regional Winner Europe"
"2867969089","Turkey","Middle East and Africa","AdWords Business Regional Winner Middle East and Africa"
"----------------","----------------","----------------","----------------"
"5770664389","Lithuania","Europe","Google+ Social Media Marketing Global Winner"
"7022164718","Canada","Americas","Google+ Social Media Marketing Regional Winner Americas"
"5279343661","India","Asia Pacific","Google+ Social Media Marketing Regional Winner Asia and Pacific"
"2177142438","France","Europe","Google+ Social Media Marketing Regional Winner Europe"
"4923669483","Nigeria","Middle East and Africa","Google+ Social Media Marketing Regional Winner Middle East and Africa"
"----------------","----------------","----------------","----------------"
"7022164718","Canada","Americas","AdWords Social Impact Award 1st Place Winner"
"8150992559","United States","Americas","AdWords Social Impact Award 2nd Place Winner"
"8616364210","United States","Americas","AdWords Social Impact Award 3rd Place Winner"
"----------------","----------------","----------------","----------------"
"5980232567","France","Europe","AdWords Business Finalist"
"8013970957","Canada","Americas","AdWords Business Finalist"
"3606992422","Spain","Europe","AdWords Business Finalist"
"1463469553","France","Europe","AdWords Business Finalist"
"5919928081","France","Europe","AdWords Business Finalist"
"7790545430","Canada","Americas","AdWords Business Finalist"
"4010790461","Canada","Americas","AdWords Business Finalist"
"2710198822","Canada","Americas","AdWords Business Finalist"
"7105428918","Nigeria","Middle East and Africa","AdWords Business Finalist"
"9572905279","Nigeria","Middle East and Africa","AdWords Business Finalist"
"5279343661","India","Asia Pacific","AdWords Business Finalist"
"7612317767","Nigeria","Middle East and Africa","AdWords Business Finalist"
"7916916551","India","Asia Pacific","AdWords Business Finalist"
"2531143669","Nigeria","Middle East and Africa","AdWords Business Finalist"
"9643944408","India","Asia Pacific","AdWords Business Finalist"
"4804102677","Germany","Europe","AdWords Business Semi-Finalist"
"3581101981","Bulgaria","Europe","AdWords Business Semi-Finalist"
"2172352463","France","Europe","AdWords Business Semi-Finalist"
"2617721606","Netherlands","Europe","AdWords Business Semi-Finalist"
"2086010008","Germany","Europe","AdWords Business Semi-Finalist"
"4374463373","United States","Americas","AdWords Business Semi-Finalist"
"1828073032","Poland","Europe","AdWords Business Semi-Finalist"
"7003535361","Poland","Europe","AdWords Business Semi-Finalist"
"7022164718","Canada","Americas","AdWords Business Semi-Finalist"
"9486397324","Austria","Europe","AdWords Business Semi-Finalist"
"1645416655","United States","Americas","AdWords Business Semi-Finalist"
"2142489134","Italy","Europe","AdWords Business Semi-Finalist"
"2880262251","United States","Americas","AdWords Business Semi-Finalist"
"6965637359","France","Europe","AdWords Business Semi-Finalist"
"8616364210","United States","Americas","AdWords Business Semi-Finalist"
"6714778953","Canada","Americas","AdWords Business Semi-Finalist"
"8600787577","United States","Americas","AdWords Business Semi-Finalist"
"1979429563","Canada","Americas","AdWords Business Semi-Finalist"
"3993455771","United States","Americas","AdWords Business Semi-Finalist"
"1338410118","United States","Americas","AdWords Business Semi-Finalist"
"3881368512","Egypt","Middle East and Africa","AdWords Business Semi-Finalist"
"8069125155","Philippines","Asia Pacific","AdWords Business Semi-Finalist"
"1977773640","India","Asia Pacific","AdWords Business Semi-Finalist"
"1664281489","India","Asia Pacific","AdWords Business Semi-Finalist"
"3007498687","Nigeria","Middle East and Africa","AdWords Business Semi-Finalist"
"6412470655","India","Asia Pacific","AdWords Business Semi-Finalist"
"2985473322","India","Asia Pacific","AdWords Business Semi-Finalist"
"2246831108","New Zealand","Asia Pacific","AdWords Business Semi-Finalist"
"4923669483","Nigeria","Middle East and Africa","AdWords Business Semi-Finalist"
"7359447855","India","Asia Pacific","AdWords Business Semi-Finalist"
"7818871051","Australia","Asia Pacific","AdWords Business Semi-Finalist"
"7246958671","India","Asia Pacific","AdWords Business Semi-Finalist"
"7950983520","Australia","Asia Pacific","AdWords Business Semi-Finalist"
"1615550487","Uganda","Middle East and Africa","AdWords Business Semi-Finalist"
"4119182869","Nigeria","Middle East and Africa","AdWords Business Semi-Finalist"
"5238527226","Nigeria","Middle East and Africa","AdWords Business Semi-Finalist"
"2423098332","Nigeria","Middle East and Africa","AdWords Business Semi-Finalist"
"7071830069","Nigeria","Middle East and Africa","AdWords Business Semi-Finalist"
"2666984089","Kenya","Middle East and Africa","AdWords Business Semi-Finalist"
"4064865616","Cameroon","Middle East and Africa","AdWords Business Semi-Finalist"
"1979429563","Canada","Americas","Google+ Social Media Marketing Finalist"
"3966936440","Canada","Americas","Google+ Social Media Marketing Finalist"
"6803975532","India","Asia Pacific","Google+ Social Media Marketing Finalist"
"9060757387","India","Asia Pacific","Google+ Social Media Marketing Finalist"
"5255966889","Nigeria","Middle East and Africa","Google+ Social Media Marketing Finalist"
"8589311502","Czech Republic","Europe","Google+ Social Media Marketing Finalist"
"5357139820","Ghana","Middle East and Africa","Google+ Social Media Marketing Finalist"
"5980232567","France","Europe","AdWords Social Impact Finalist"
"2710198822","Canada","Americas","AdWords Social Impact Finalist"
"2880262251","United States","Americas","AdWords Social Impact Finalist"
"1979429563","Canada","Americas","AdWords Social Impact Finalist"
"3993455771","United States","Americas","AdWords Social Impact Finalist"
"6498320402","United States","Americas","AdWords Social Impact Finalist"
"4614884083","United States","Americas","AdWords Social Impact Finalist"
"3186990751","Germany","Europe","Strong"
"1155522989","Finland","Europe","Strong"
"9780899810","Poland","Europe","Strong"
"8289591585","Spain","Europe","Strong"
"5036246616","France","Europe","Strong"
"7778534087","Spain","Europe","Strong"
"9334375969","Canada","Americas","Strong"
"6425666014","Poland","Europe","Strong"
"4284665326","France","Europe","Strong"
"9109609438","Germany","Europe","Strong"
"8592111720","Croatia","Europe","Strong"
"6887583969","Canada","Americas","Strong"
"9592415079","France","Europe","Strong"
"1367362738","Germany","Europe","Strong"
"1701857951","France","Europe","Strong"
"4505510989","Poland","Europe","Strong"
"5456272875","France","Europe","Strong"
"4711062771","France","Europe","Strong"
"4956263053","United States","Americas","Strong"
"2586617516","United States","Americas","Strong"
"5589140961","France","Europe","Strong"
"5360012859","United States","Americas","Strong"
"7515204730","Canada","Americas","Strong"
"3305928667","France","Europe","Strong"
"4498299071","Ireland","Europe","Strong"
"4091084218","Spain","Europe","Strong"
"6848927516","United States","Americas","Strong"
"3828594640","United States","Americas","Strong"
"4392244434","Germany","Europe","Strong"
"7556439161","United States","Americas","Strong"
"6603344224","Greece","Europe","Strong"
"4209126553","Poland","Europe","Strong"
"5059144865","Canada","Americas","Strong"
"4724982538","Canada","Americas","Strong"
"3245983551","Netherlands","Europe","Strong"
"5154058204","France","Europe","Strong"
"3365114389","Netherlands","Europe","Strong"
"1887583128","France","Europe","Strong"
"1106662426","United States","Americas","Strong"
"1154323840","United States","Americas","Strong"
"9323726436","United States","Americas","Strong"
"9498659277","Greece","Europe","Strong"
"6405199163","Colombia","Americas","Strong"
"2510367577","Netherlands","Europe","Strong"
"3002929061","Hungary","Europe","Strong"
"7500432885","France","Europe","Strong"
"5758052526","Germany","Europe","Strong"
"8996296551","Finland","Europe","Strong"
"9509296516","France","Europe","Strong"
"8142742267","United States","Americas","Strong"
"3439509810","Czech Republic","Europe","Strong"
"4236870569","Ireland","Europe","Strong"
"4196540226","United States","Americas","Strong"
"5405674118","United States","Americas","Strong"
"7136067722","Canada","Americas","Strong"
"4485308928","Spain","Europe","Strong"
"6128643238","Ireland","Europe","Strong"
"9625630918","Poland","Europe","Strong"
"4499577657","France","Europe","Strong"
"5846575769","United States","Americas","Strong"
"4733674471","Canada","Americas","Strong"
"3461798079","United States","Americas","Strong"
"2576500412","United States","Americas","Strong"
"9030417426","Canada","Americas","Strong"
"1640132081","United States","Americas","Strong"
"2649106567","France","Europe","Strong"
"4477785883","United States","Americas","Strong"
"8397557485","Canada","Americas","Strong"
"2853647402","France","Europe","Strong"
"8389093465","Czech Republic","Europe","Strong"
"8115716038","United States","Americas","Strong"
"8692353136","United States","Americas","Strong"
"1229260202","United States","Americas","Strong"
"3716553718","United States","Americas","Strong"
"5329098857","Canada","Americas","Strong"
"7899403124","United States","Americas","Strong"
"7483941761","Canada","Americas","Strong"
"1416644136","Czech Republic","Europe","Strong"
"9305700438","United States","Americas","Strong"
"3756487814","Switzerland","Europe","Strong"
"9474337753","United States","Americas","Strong"
"3238608977","United Kingdom","Europe","Strong"
"7019433534","Czech Republic","Europe","Strong"
"7581633569","United States","Americas","Strong"
"3724238481","France","Europe","Strong"
"4570596928","France","Europe","Strong"
"3648205104","France","Europe","Strong"
"7537179971","United States","Americas","Strong"
"9682700161","France","Europe","Strong"
"3380083881","France","Europe","Strong"
"7831254053","Spain","Europe","Strong"
"3900113240","United States","Americas","Strong"
"5858638179","Finland","Europe","Strong"
"6487948906","United States","Americas","Strong"
"1466427702","Spain","Europe","Strong"
"2956641751","Germany","Europe","Strong"
"5943180022","Canada","Americas","Strong"
"5886072006","United Kingdom","Europe","Strong"
"5186434259","Netherlands","Europe","Strong"
"8431184704","United States","Americas","Strong"
"6516663210","Ireland","Europe","Strong"
"1614937673","Switzerland","Europe","Strong"
"9767484102","Spain","Europe","Strong"
"3871432979","France","Europe","Strong"
"5970828520","Greece","Europe","Strong"
"5694905267","Switzerland","Europe","Strong"
"9314842524","Greece","Europe","Strong"
"5988513120","United States","Americas","Strong"
"8746773471","Germany","Europe","Strong"
"8798208230","Greece","Europe","Strong"
"4760265675","Croatia","Europe","Strong"
"7562111475","Canada","Americas","Strong"
"5380705732","Poland","Europe","Strong"
"1672257526","Switzerland","Europe","Strong"
"4832245779","Germany","Europe","Strong"
"1215045379","United States","Americas","Strong"
"4409099653","Spain","Europe","Strong"
"4070942689","Canada","Americas","Strong"
"5791159610","Switzerland","Europe","Strong"
"9428989522","United States","Americas","Strong"
"5591500481","Australia","Asia Pacific","Strong"
"6136148316","France","Europe","Strong"
"8919165216","Spain","Europe","Strong"
"3958440263","Italy","Europe","Strong"
"1785788871","Austria","Europe","Strong"
"2652251022","Netherlands","Europe","Strong"
"1582704416","Poland","Europe","Strong"
"5068117669","India","Asia Pacific","Strong"
"8393087159","France","Europe","Strong"
"9654520177","India","Asia Pacific","Strong"
"8670593514","United States","Americas","Strong"
"4638849081","France","Europe","Strong"
"1943452279","United States","Americas","Strong"
"3585779414","India","Asia Pacific","Strong"
"9826299108","Germany","Europe","Strong"
"6000288038","United States","Americas","Strong"
"4637278273","United States","Americas","Strong"
"8105161075","Canada","Americas","Strong"
"2277378181","Canada","Americas","Strong"
"5072539767","Netherlands","Europe","Strong"
"6674668959","United States","Americas","Strong"
"9967869530","United States","Americas","Strong"
"1025202620","Philippines","Asia Pacific","Strong"
"8217834669","Netherlands","Europe","Strong"
"1185540467","Hungary","Europe","Strong"
"7431162216","Switzerland","Europe","Strong"
"2575264381","Austria","Europe","Strong"
"7112473440","Croatia","Europe","Strong"
"8014317085","United States","Americas","Strong"
"1926354014","Slovakia","Europe","Strong"
"2700399471","India","Asia Pacific","Strong"
"6771278885","United States","Americas","Strong"
"3416727885","Finland","Europe","Strong"
"7446707640","France","Europe","Strong"
"3880378361","France","Europe","Strong"
"8616805851","United States","Americas","Strong"
"5851016777","India","Asia Pacific","Strong"
"5357084971","United States","Americas","Strong"
"9194441612","Finland","Europe","Strong"
"9664401804","Netherlands","Europe","Strong"
"5426162718","Greece","Europe","Strong"
"2619322675","Germany","Europe","Strong"
"6298023871","Germany","Europe","Strong"
"7502155008","United States","Americas","Strong"
"9795819183","United States","Americas","Strong"
"3802696630","Spain","Europe","Strong"
"3173226081","Croatia","Europe","Strong"
"8706225618","New Zealand","Asia Pacific","Strong"
"3856171265","Spain","Europe","Strong"
"1833307487","United States","Americas","Strong"
"1882134002","Italy","Europe","Strong"
"6842012555","Canada","Americas","Strong"
"6239238183","Austria","Europe","Strong"
"8358147306","India","Asia Pacific","Strong"
"1542195336","Switzerland","Europe","Strong"
"4581941551","Spain","Europe","Strong"
"7754267412","Australia","Asia Pacific","Strong"
"7467352285","Canada","Americas","Strong"
"9575329108","Spain","Europe","Strong"
"4532215673","India","Asia Pacific","Strong"
"5042372865","Ireland","Europe","Strong"
"5875897214","Philippines","Asia Pacific","Strong"
"1627048316","Netherlands","Europe","Strong"
"9399909232","Czech Republic","Europe","Strong"
"1174845540","India","Asia Pacific","Strong"
"8402587667","Canada","Americas","Strong"
"5521434479","France","Europe","Strong"
"2706071785","Canada","Americas","Strong"
"1395000838","France","Europe","Strong"
"8909860469","Germany","Europe","Strong"
"6776185179","France","Europe","Strong"
"3727836871","Netherlands","Europe","Strong"
"9923582375","Switzerland","Europe","Strong"
"2463461775","India","Asia Pacific","Strong"
"8751240963","United States","Americas","Strong"
"4216626906","Australia","Asia Pacific","Strong"
"6429613371","Canada","Americas","Strong"
"5066468367","Colombia","Americas","Strong"
"1505837881","Finland","Europe","Strong"
"9514138506","France","Europe","Strong"
"8453965681","Spain","Europe","Strong"
"2668436687","United States","Americas","Strong"
"7554260269","Switzerland","Europe","Strong"
"3384676204","Armenia","Europe","Strong"
"3525981826","Austria","Europe","Strong"
"4157138559","Greece","Europe","Strong"
"6816669671","France","Europe","Strong"
"4821032608","United States","Americas","Strong"
"5503324314","United States","Americas","Strong"
"9984755010","Austria","Europe","Strong"
"7740085689","Canada","Americas","Strong"
"1730309351","Poland","Europe","Strong"
"7814390322","Italy","Europe","Strong"
"3564767840","Spain","Europe","Strong"
"4605569881","United States","Americas","Strong"
"2690194418","United Kingdom","Europe","Strong"
"9255598171","United States","Americas","Strong"
"1994923920","Netherlands","Europe","Strong"
"8970635914","Ireland","Europe","Strong"
"2267406714","United States","Americas","Strong"
"7789642285","India","Asia Pacific","Strong"
"1653939306","Austria","Europe","Strong"
"6382973312","Aruba","Americas","Strong"
"2773696934","Spain","Europe","Strong"
"4594290510","Switzerland","Europe","Strong"
"6777318128","Singapore","Asia Pacific","Strong"
"3892582626","United States","Americas","Strong"
"4575994987","Norway","Europe","Strong"
"4236508365","France","Europe","Strong"
"8141467463","Australia","Asia Pacific","Strong"
"1967052234","Canada","Americas","Strong"
"5273126624","India","Asia Pacific","Strong"
"6663337573","Austria","Europe","Strong"
"5340808518","France","Europe","Strong"
"9084471775","Serbia","Europe","Strong"
"3711501787","Indonesia","Asia Pacific","Strong"
"5500738767","Germany","Europe","Strong"
"2416436820","Australia","Asia Pacific","Strong"
"3849944773","Australia","Asia Pacific","Good"
"4044377016","United States","Americas","Good"
"4961190153","United Kingdom","Europe","Good"
"2083293957","Netherlands","Europe","Good"
"2298740608","Switzerland","Europe","Good"
"9658471316","United States","Americas","Good"
"8682834661","Austria","Europe","Good"
"2404349822","Italy","Europe","Good"
"5774241030","Netherlands","Europe","Good"
"9059102412","Romania","Europe","Good"
"8712506016","United States","Americas","Good"
"2446022112","Germany","Europe","Good"
"7834057110","Norway","Europe","Good"
"8963280255","United States","Americas","Good"
"6362860153","Austria","Europe","Good"
"2635435524","Netherlands","Europe","Good"
"8356490440","Ireland","Europe","Good"
"7074279434","United States","Americas","Good"
"3087249612","United States","Americas","Good"
"3535781177","Netherlands","Europe","Good"
"5262513030","United States","Americas","Good"
"9608807851","United States","Americas","Good"
"7749961638","France","Europe","Good"
"8680998110","France","Europe","Good"
"8951486422","Netherlands","Europe","Good"
"3189718153","United States","Americas","Good"
"3722181581","India","Asia Pacific","Good"
"1214520514","Austria","Europe","Good"
"9711571453","Finland","Europe","Good"
"3118087959","Switzerland","Europe","Good"
"4844723351","France","Europe","Good"
"6314034581","Ghana","Middle East and Africa","Good"
"7411275079","France","Europe","Good"
"6727740726","United States","Americas","Good"
"1432619855","Australia","Asia Pacific","Good"
"9060757387","India","Asia Pacific","Good"
"5006015410","Ireland","Europe","Good"
"8348014126","Ireland","Europe","Good"
"4904434881","United States","Americas","Good"
"9499946375","Austria","Europe","Good"
"8569344928","Ireland","Europe","Good"
"5781788663","Germany","Europe","Good"
"3430992832","United States","Americas","Good"
"7550007453","France","Europe","Good"
"6441505551","Austria","Europe","Good"
"8469862906","Greece","Europe","Good"
"1530449736","Ireland","Europe","Good"
"8636036671","Australia","Asia Pacific","Good"
"3746321534","Netherlands","Europe","Good"
"3301046961","Australia","Asia Pacific","Good"
"9065234334","Austria","Europe","Good"
"9588290881","United Kingdom","Europe","Good"
"7332600363","India","Asia Pacific","Good"
"2400105518","Switzerland","Europe","Good"
"8695888165","Austria","Europe","Good"
"6323997536","Switzerland","Europe","Good"
"2177183102","Norway","Europe","Good"
"8294750385","France","Europe","Good"
"4475053751","Greece","Europe","Good"
"5823588628","United Kingdom","Europe","Good"
"5358771155","France","Europe","Good"
"3563717167","India","Asia Pacific","Good"
"6907606340","Czech Republic","Europe","Good"
"2568582063","United States","Americas","Good"
"2792662959","United States","Americas","Good"
"3821113202","Poland","Europe","Good"
"9444867832","Austria","Europe","Good"
"5255966889","Nigeria","Middle East and Africa","Good"
"7146199959","Ireland","Europe","Good"
"7396696161","Ireland","Europe","Good"
"1579042665","United States","Americas","Good"
"9420684381","Switzerland","Europe","Good"
"7055181957","Spain","Europe","Good"
"1993882702","New Zealand","Asia Pacific","Good"
"8867393789","Greece","Europe","Good"
"8938694879","India","Asia Pacific","Good"
"9803408428","United States","Americas","Good"
"6749036953","India","Asia Pacific","Good"
"9538784404","Italy","Europe","Good"
"6405052583","United States","Americas","Good"
"1675939140","United States","Americas","Good"
"6897583806","Netherlands","Europe","Good"
"4596407932","Switzerland","Europe","Good"
"8846281024","India","Asia Pacific","Good"
"2318709073","Finland","Europe","Good"
"9864292628","United States","Americas","Good"
"5044463808","Ghana","Middle East and Africa","Good"
"8804597383","France","Europe","Good"
"2227964383","United States","Americas","Good"
"3881051702","Singapore","Asia Pacific","Good"
"5460366812","Greece","Europe","Good"
"6264473255","Lithuania","Europe","Good"
"7876761163","Armenia","Europe","Good"
"1483549612","Armenia","Europe","Good"
"8461753526","United States","Americas","Good"
"3281066202","United States","Americas","Good"
"4601841930","Netherlands","Europe","Good"
"3297415471","Ireland","Europe","Good"
"2805625675","Switzerland","Europe","Good"
"4494084085","Switzerland","Europe","Good"
"6077304940","France","Europe","Good"
"8762608283","Spain","Europe","Good"
"2173189408","France","Europe","Good"
"4514400569","United States","Americas","Good"
"3156333032","Turkey","Middle East and Africa","Good"
"9588928283","Ireland","Europe","Good"
"2370660185","Mauritius","Middle East and Africa","Good"
"9335224265","France","Europe","Good"
"6597304981","Australia","Asia Pacific","Good"
"4933910475","Aruba","Americas","Good"
"1633701316","India","Asia Pacific","Good"
"8420194716","France","Europe","Good"
"4260122510","Canada","Americas","Good"
"1183654740","Nigeria","Middle East and Africa","Good"
"1704570220","Germany","Europe","Good"
"5179011457","United States","Americas","Good"
"2732620434","Slovenia","Europe","Good"
"7666701220","Greece","Europe","Good"
"3793094936","France","Europe","Good"
"9436789661","Netherlands","Europe","Good"
"5281639820","Spain","Europe","Good"
"8407153506","Kenya","Middle East and Africa","Good"
"7660807614","France","Europe","Good"
"2290365485","United States","Americas","Good"
"1925985189","New Zealand","Asia Pacific","Good"
"7626778475","Spain","Europe","Good"
"4164802516","France","Europe","Good"
"3915364551","Australia","Asia Pacific","Good"
"2371913240","Switzerland","Europe","Good"
"8409935757","Spain","Europe","Good"
"9347420961","Switzerland","Europe","Good"
"1770593357","Switzerland","Europe","Good"
"6529487853","United States","Americas","Good"
"1977006677","United States","Americas","Good"
"7387412220","Finland","Europe","Good"
"6317956402","United States","Americas","Good"
"6385679908","United States","Americas","Good"
"6753519573","Finland","Europe","Good"
"8358064087","Canada","Americas","Good"
"5164196114","Italy","Europe","Good"
"3800159316","Czech Republic","Europe","Good"
"5410164302","Australia","Asia Pacific","Good"
"7681095728","United States","Americas","Good"
"4690770875","United States","Americas","Good"
"3918596955","India","Asia Pacific","Good"
"1984637534","United States","Americas","Good"
"6272191118","Finland","Europe","Good"
"7134725775","United Kingdom","Europe","Good"
"7544198014","Switzerland","Europe","Good"
"8107835514","Canada","Americas","Good"
"2271101565","Austria","Europe","Good"
"3188557777","India","Asia Pacific","Good"
"2862287320","Poland","Europe","Good"
"4395559114","Australia","Asia Pacific","Good"
"7889981110","Belgium","Europe","Good"
"5355040365","Australia","Asia Pacific","Good"
"6429602020","Philippines","Asia Pacific","Good"
"8745577161","Germany","Europe","Good"
"7676030555","India","Asia Pacific","Good"
"2489212257","Ireland","Europe","Good"
"5187213516","India","Asia Pacific","Good"
"3786456116","Switzerland","Europe","Good"
"5103833940","France","Europe","Good"
"2633871332","Palestinian Territory","Middle East and Africa","Good"
"6364158602","United States","Americas","Good"
"3890600438","France","Europe","Good"
"1734755089","India","Asia Pacific","Good"
"2677500279","India","Asia Pacific","Good"
"4913190175","Germany","Europe","Good"
"2894816581","France","Europe","Good"
"1995361779","Switzerland","Europe","Good"
"7931029240","Czech Republic","Europe","Good"
"1354913536","France","Europe","Good"
"6481818875","Netherlands","Europe","Good"
"7359564179","Portugal","Europe","Good"
"8202132257","Germany","Europe","Good"
"3027005653","Netherlands","Europe","Good"
"5319745877","Ireland","Europe","Good"
"2277173908","Switzerland","Europe","Good"
"2256011967","India","Asia Pacific","Good"
"4152436538","United Kingdom","Europe","Good"
"3107680524","Italy","Europe","Good"
"4949001016","Finland","Europe","Good"
"5984764363","India","Asia Pacific","Good"
"4750072916","Czech Republic","Europe","Good"
"1929999689","Netherlands","Europe","Good"
"3697057155","Austria","Europe","Good"
"9171688057","United States","Americas","Good"
"3693255440","United States","Americas","Good"
"6142340765","Italy","Europe","Good"
"5590966161","Italy","Europe","Good"
"5732186673","Switzerland","Europe","Good"
"5327005075","Finland","Europe","Good"
"1975324275","United States","Americas","Good"
"7653208914","United States","Americas","Good"
"7558843132","Ghana","Middle East and Africa","Good"
"8830586181","United States","Americas","Good"
"6397885116","India","Asia Pacific","Good"
"5705768528","Puerto Rico","Americas","Good"
"1419520957","India","Asia Pacific","Good"
"5663688640","United States","Americas","Good"
"8044044232","India","Asia Pacific","Good"
"5631667220","Austria","Europe","Good"
"6573472383","Nigeria","Middle East and Africa","Good"
"9759700987","Germany","Europe","Good"
"8592427587","United Kingdom","Europe","Good"
"2094241385","Switzerland","Europe","Good"
"2318608830","Ireland","Europe","Good"
"2731336175","France","Europe","Good"
"3098813636","Netherlands","Europe","Good"
"9590077308","Austria","Europe","Good"
"4350646851","France","Europe","Good"
"5988803451","Bulgaria","Europe","Good"
"6029102585","Australia","Asia Pacific","Good"
"7532730451","Japan","Asia Pacific","Good"
"9537252369","Australia","Asia Pacific","Good"
"6494127165","United States","Americas","Good"
"4680462740","Czech Republic","Europe","Good"
"4080759059","South Africa","Middle East and Africa","Good"
"6498466987","Australia","Asia Pacific","Good"
"2481479261","Greece","Europe","Good"
"9286965165","Mauritius","Middle East and Africa","Good"
"8961594071","Finland","Europe","Good"
"6806144969","Ghana","Middle East and Africa","Good"
"1822381808","Finland","Europe","Good"
"6215339385","Australia","Asia Pacific","Good"
"1146109487","United States","Americas","Good"
"5875530285","Poland","Europe","Good"
"3838244567","Austria","Europe","Good"
"6089681326","India","Asia Pacific","Good"
"5504695579","United States","Americas","Good"
"3437419810","Germany","Europe","Good"
"1921137526","Germany","Europe","Good"
"3372407630","Vietnam","Asia Pacific","Good"
"9219053467","Switzerland","Europe","Good"
"3435558671","Peru","Americas","Good"
"1776867134","United States","Americas","Good"
"5704022765","Australia","Asia Pacific","Good"
"8899151357","France","Europe","Good"
"7801986514","India","Asia Pacific","Good"
"6971539477","Lithuania","Europe","Good"
"8075568214","United States","Americas","Good"
"7829226471","Germany","Europe","Good"
"9229563036","Switzerland","Europe","Good"
"2890412455","Netherlands","Europe","Good"
"4039679720","Austria","Europe","Good"
"2665995834","Ireland","Europe","Good"
"3039523889","Philippines","Asia Pacific","Good"
"9681029110","France","Europe","Good"
"2136112275","Sweden","Europe","Good"
"1645942463","Chile","Americas","Good"
"8268699169","Austria","Europe","Good"
"6386918773","France","Europe","Good"
"3294375989","India","Asia Pacific","Good"
"7140040610","France","Europe","Good"
"1056565832","Netherlands","Europe","Good"
"5900512851","United States","Americas","Good"
"3199261216","Australia","Asia Pacific","Good"
"7569975918","Australia","Asia Pacific","Good"
"9217833512","Ireland","Europe","Good"
"1906629538","Switzerland","Europe","Good"
"5844889585","United States","Americas","Good"
"1521819273","France","Europe","Good"
"8324835006","India","Asia Pacific","Good"
"7104900271","Hungary","Europe","Good"
"4767413279","Netherlands","Europe","Good"
"8393271569","Singapore","Asia Pacific","Good"
"6624765287","Mauritius","Middle East and Africa","Good"
"9474159016","United States","Americas","Good"
"7856070181","New Zealand","Asia Pacific","Good"
"1040279924","Denmark","Europe","Good"
"6938963879","Italy","Europe","Good"
"4457455214","Netherlands","Europe","Good"
"5410423424","Belgium","Europe","Good"
"1929608167","India","Asia Pacific","Good"
"1943794620","Australia","Asia Pacific","Good"
"1247708926","Poland","Europe","Good"
"7848161287","Mauritius","Middle East and Africa","Good"
"1060655987","France","Europe","Good"
"3228720734","Netherlands","Europe","Good"
"9720187736","Germany","Europe","Good"
"6119321467","Nigeria","Middle East and Africa","Good"
"9680418187","Switzerland","Europe","Good"
"7224904936","Nigeria","Middle East and Africa","Good"
"1762077322","India","Asia Pacific","Good"
"5010501812","Spain","Europe","Good"
"6845150389","Canada","Americas","Good"
"1756877863","Switzerland","Europe","Good"
"5154084683","India","Asia Pacific","Good"
"5114373775","Ecuador","Americas","Good"
"4916286402","Nigeria","Middle East and Africa","Good"
"1422375081","France","Europe","Good"
"7662731171","Armenia","Europe","Good"
"4206723530","Armenia","Europe","Good"
"2691218612","United Kingdom","Europe","Good"
"8912745802","Switzerland","Europe","Good"
"4550996340","Greece","Europe","Good"
"4618524085","United States","Americas","Good"
"6169506010","Switzerland","Europe","Good"
"2342671232","United States","Americas","Good"
"6096564130","India","Asia Pacific","Good"
"9753955857","Spain","Europe","Good"
"5676096230","United States","Americas","Good"
"8437700579","Austria","Europe","Good"
"8951072208","United States","Americas","Good"
"3056499214","United States","Americas","Good"
"7553900904","France","Europe","Good"
"1795893681","Switzerland","Europe","Good"
"3223957238","Greece","Europe","Good"
"5374666489","Switzerland","Europe","Good"
"1129069853","Australia","Asia Pacific","Good"
"5514162987","Belgium","Europe","Good"
"5293487559","United Kingdom","Europe","Good"
"1158713781","United States","Americas","Good"
"9530173804","France","Europe","Good"
"2396674514","Netherlands","Europe","Good"
"4833666220","France","Europe","Good"
"3978810653","Thailand","Asia Pacific","Good"
"9211241034","Netherlands","Europe","Good"
"1177235326","Switzerland","Europe","Good"
"2390543540","France","Europe","Good"
"5278410255","Italy","Europe","Good"
"4469321863","United States","Americas","Good"
"6576195055","Czech Republic","Europe","Good"
"2134321118","United States","Americas","Good"
"9172891936","Netherlands","Europe","Good"
"8610992630","Ghana","Middle East and Africa","Good"
"3846891106","South Africa","Middle East and Africa","Good"
"2303618532","United States","Americas","Good"
"4095711532","India","Asia Pacific","Good"
"6235939579","Spain","Europe","Good"
"2177952904","United States","Americas","Good"
"7084962067","United States","Americas","Good"
"9025324826","India","Asia Pacific","Good"
"7887170489","Italy","Europe","Good"
"4186465677","Italy","Europe","Good"
"8219880218","Austria","Europe","Good"
"3884325718","France","Europe","Good"
"6102672412","United States","Americas","Good"
"2177142438","France","Europe","Good"
"4078756065","United States","Americas","Good"
"5576039224","Nigeria","Middle East and Africa","Good"
"5830156518","United States","Americas","Good"
"4701325838","United States","Americas","Good"
"6600994159","France","Europe","Good"
"1009571138","Greece","Europe","Good"
"1758445832","Uganda","Middle East and Africa","Good"
"5467254351","New Zealand","Asia Pacific","Good"
"4811023316","Netherlands","Europe","Good"
"4508427526","Canada","Americas","Good"
"8589311502","Czech Republic","Europe","Good"
"3911569457","Armenia","Europe","Good"
"6570717559","United States","Americas","Good"
"6244901985","India","Asia Pacific","Good"
"1880735310","Austria","Europe","Good"
"9212276579","United Kingdom","Europe","Good"
"4642710375","Czech Republic","Europe","Good"
"8472995067","Australia","Asia Pacific","Good"
"2950426610","United States","Americas","Good"
"6065092163","Nigeria","Middle East and Africa","Good"
"8803029414","United States","Americas","Good"
"4018853504","United States","Americas","Good"
"8235581687","United States","Americas","Good"
"8797719304","Czech Republic","Europe","Good"
"5133774820","Armenia","Europe","Good"
"8137724379","Austria","Europe","Good"
"4886169624","United States","Americas","Good"
"3386902381","Italy","Europe","Good"
"1678925659","Australia","Asia Pacific","Good"
"4043657338","United States","Americas","Good"
"8744778989","France","Europe","Good"
"3127355824","Belgium","Europe","Good"
"1752312967","Italy","Europe","Good"
"9933824310","Lithuania","Europe","Good"
"6268059351","Australia","Asia Pacific","Good"
"9696895126","Ghana","Middle East and Africa","Good"
"8431556363","Ireland","Europe","Good"
"3263862016","Poland","Europe","Good"
"2572769622","Germany","Europe","Good"
"5924121318","Italy","Europe","Good"
"4562166008","United States","Americas","Good"
"9435599967","Germany","Europe","Good"
"3323843071","Spain","Europe","Good"
"8226993779","Switzerland","Europe","Good"
"9512990424","United States","Americas","Good"
"9911895406","United States","Americas","Good"
"5628685426","Czech Republic","Europe","Good"
"6701893783","Australia","Asia Pacific","Good"
"8915457128","Canada","Americas","Good"
"6375010512","Austria","Europe","Good"
"9660275710","Spain","Europe","Good"
"8953144236","United States","Americas","Good"
"2628656740","Austria","Europe","Good"
"2130726510","United States","Americas","Good"
"2779977332","United Kingdom","Europe","Good"
"3880698953","Czech Republic","Europe","Good"
"4756053528","India","Asia Pacific","Good"
"1810932212","United States","Americas","Good"
"5842365508","Germany","Europe","Good"
"2303872924","Ireland","Europe","Good"
"4006279471","United States","Americas","Good"
"2882191481","Italy","Europe","Good"
"4570954402","Poland","Europe","Good"
"3233069063","Australia","Asia Pacific","Good"
"2684654504","Austria","Europe","Good"
"3192109830","United States","Americas","Good"
"3592192212","United Kingdom","Europe","Good"
"6022157363","United States","Americas","Good"
"1336365512","France","Europe","Good"
"4615361663","United States","Americas","Good"
"3124374030","India","Asia Pacific","Good"
"5616985220","United States","Americas","Good"
"7023391289","United States","Americas","Good"
"5629163006","Finland","Europe","Good"
"2789598889","United States","Americas","Good"
"2558178410","France","Europe","Good"
"4426251824","United States","Americas","Good"
"5127428222","India","Asia Pacific","Good"
"2688137518","Greece","Europe","Good"
"9267247310","Netherlands","Europe","Good"
"3147310104","France","Europe","Good"
"9306054130","India","Asia Pacific","Good"
"6183350122","Netherlands","Europe","Good"
"1503889736","India","Asia Pacific","Good"
"6223034551","Lithuania","Europe","Good"
"4522947808","India","Asia Pacific","Good"
"9923842440","Germany","Europe","Good"
"9732440224","India","Asia Pacific","Good"
"4990438777","United States","Americas","Good"
"7281603463","France","Europe","Good"
"2970536930","Hungary","Europe","Good"
"2678082832","Ireland","Europe","Good"
"1881060632","United States","Americas","Good"
"5091765857","United States","Americas","Good"
"3495938812","Australia","Asia Pacific","Good"
"5738467071","Italy","Europe","Good"
"3953083816","France","Europe","Good"
"5302242853","Belgium","Europe","Good"
"1703419304","United States","Americas","Good"
"7276067336","United States","Americas","Good"
"7751892759","Switzerland","Europe","Good"
"1897383422","France","Europe","Good"
"1489243675","Spain","Europe","Good"
"2228626373","Netherlands","Europe","Good"
"9300027181","Belgium","Europe","Good"
"9456317428","Poland","Europe","Good"
"5656910804","Switzerland","Europe","Good"
"9359374616","United States","Americas","Good"
"1500560871","India","Asia Pacific","Good"
"7014821353","Italy","Europe","Good"
"5208287508","Finland","Europe","Good"
"1889269312","France","Europe","Good"
"1708697257","France","Europe","Good"
"2861341620","Chile","Americas","Good"
"2821243920","United States","Americas","Good"
"5582922981","United Kingdom","Europe","Good"
"2964135483","Switzerland","Europe","Good"
"3205829106","United States","Americas","Good"
"6961026126","Hungary","Europe","Good"
"3328114802","United States","Americas","Good"
"3608535808","United Kingdom","Europe","Good"
"5934458771","South Africa","Middle East and Africa","Good"
"7245272487","Poland","Europe","Good"
"1236796489","Japan","Asia Pacific","Good"
"9953305740","Germany","Europe","Good"
"8395703910","Peru","Americas","Good"
"1663285665","Mauritius","Middle East and Africa","Good"
"4446919161","Germany","Europe","Good"
"1669012828","Portugal","Europe","Good"
"7801174157","Netherlands","Europe","Good"
"3984546328","United States","Americas","Good"
"7258607810","United States","Americas","Good"
"2413995967","United States","Americas","Good"
"9704571377","United States","Americas","Good"
"3549043679","Saudi Arabia","Middle East and Africa","Good"
"4302594863","Nigeria","Middle East and Africa","Good"
"4210473230","France","Europe","Good"
"5770664389","Lithuania","Europe","Good"
"9594855932","France","Europe","Good"
"8092458424","Mauritius","Middle East and Africa","Good"
"3100475232","Netherlands","Europe","Good"
"2130698140","United States","Americas","Good"
"1786882104","Canada","Americas","Good"
"6878825836","United States","Americas","Good"
"9048898302","Germany","Europe","Good"
"4726639404","Switzerland","Europe","Good"
"9427252271","Switzerland","Europe","Good"
"1867218416","Netherlands","Europe","Good"
"5870580483","Croatia","Europe","Good"
"4927041851","France","Europe","Good"
"9409371910","France","Europe","Good"
"6053147020","France","Europe","Good"
"4963947816","Netherlands","Europe","Good"
"8863750953","Canada","Americas","Good"
"8363049818","United States","Americas","Good"
"5643288932","United States","Americas","Good"
"5204969989","Germany","Europe","Good"
"4010943667","United States","Americas","Good"
"1278803561","Denmark","Europe","Good"
"8729650618","Spain","Europe","Good"
"6674653826","United States","Americas","Good"
"1379241681","Finland","Europe","Good"
"4765004583","United States","Americas","Good"
"9184142932","Mauritius","Middle East and Africa","Good"
"6575417689","Mauritius","Middle East and Africa","Good"
"6744015283","India","Asia Pacific","Good"
"4398853936","United States","Americas","Good"
"4352267783","Canada","Americas","Good"
"3991115161","France","Europe","Good"
"3807231265","Turkey","Middle East and Africa","Good"
"2033976620","Italy","Europe","Good"
"1186702734","United Kingdom","Europe","Good"
"5401110165","Uganda","Middle East and Africa","Good"
"1924909928","Belgium","Europe","Good"
"3884510128","United States","Americas","Good"
"3577120581","India","Asia Pacific","Good"
"3747916930","United States","Americas","Good"
"8077963673","United States","Americas","Good"
"5677716214","France","Europe","Good"
"6618753471","United States","Americas","Good"
"8325538608","Australia","Asia Pacific","Good"
"8709246185","Ireland","Europe","Good"
"6989127616","United States","Americas","Good"
"7093045916","United States","Americas","Good"
"2961931055","Switzerland","Europe","Good"
"8782888828","Australia","Asia Pacific","Good"
"8796425585","France","Europe","Good"
"6761936308","United States","Americas","Good"
"7033615257","France","Europe","Good"
"5573178479","France","Europe","Good"
"7832648963","Ireland","Europe","Good"
"2457633426","Australia","Asia Pacific","Good"
"2033985132","United States","Americas","Good"
"3934851659","France","Europe","Good"
"1062257061","France","Europe","Good"
"1393310867","Switzerland","Europe","Good"
"5990841436","Netherlands","Europe","Good"
"7656333506","United States","Americas","Good"
"3277298530","Finland","Europe","Good"
"4639860981","Netherlands","Europe","Good"
"2650242355","Belgium","Europe","Good"
"7467864851","Morocco","Middle East and Africa","Good"
"4531366434","France","Europe","Needs Improvement"
"9150034351","India","Asia Pacific","Needs Improvement"
"2055639781","India","Asia Pacific","Needs Improvement"
"5673988263","France","Europe","Needs Improvement"
"2148390304","United States","Americas","Needs Improvement"
"9482122759","United States","Americas","Needs Improvement"
"1322815518","Netherlands","Europe","Needs Improvement"
"5841911573","United States","Americas","Needs Improvement"
"4669246730","Peru","Americas","Needs Improvement"
"4068614373","Switzerland","Europe","Needs Improvement"
"2342619222","United States","Americas","Needs Improvement"
"1808046879","United States","Americas","Needs Improvement"
"3858622526","United Kingdom","Europe","Needs Improvement"
"2630496130","United States","Americas","Needs Improvement"
"2720416169","Belgium","Europe","Needs Improvement"
"7613899926","Netherlands","Europe","Needs Improvement"
"1494938681","France","Europe","Needs Improvement"
"3454808406","Singapore","Asia Pacific","Needs Improvement"
"1619019316","Nigeria","Middle East and Africa","Needs Improvement"
"3050659514","United States","Americas","Needs Improvement"
"5081424622","Switzerland","Europe","Needs Improvement"
"3949489208","Australia","Asia Pacific","Needs Improvement"
"2205852012","Netherlands","Europe","Needs Improvement"
"2134712640","Ireland","Europe","Needs Improvement"
"4524539422","Hungary","Europe","Needs Improvement"
"7008512585","United States","Americas","Needs Improvement"
"2862236253","Croatia","Europe","Needs Improvement"
"5573888702","Cameroon","Middle East and Africa","Needs Improvement"
"9963607259","France","Europe","Needs Improvement"
"4925355667","Singapore","Asia Pacific","Needs Improvement"
"3975096887","United States","Americas","Needs Improvement"
"4821283218","United States","Americas","Needs Improvement"
"7957294179","United States","Americas","Needs Improvement"
"6984267659","Netherlands","Europe","Needs Improvement"
"6276055251","United States","Americas","Needs Improvement"
"2517953040","United States","Americas","Needs Improvement"
"7877548932","United States","Americas","Needs Improvement"
"5855061538","South Africa","Middle East and Africa","Needs Improvement"
"1530136708","Australia","Asia Pacific","Needs Improvement"
"7148263475","India","Asia Pacific","Needs Improvement"
"9444771371","France","Europe","Needs Improvement"
"8425541708","Norway","Europe","Needs Improvement"
"4084736677","Ireland","Europe","Needs Improvement"
"5553717855","Netherlands","Europe","Needs Improvement"
"9658589526","France","Europe","Needs Improvement"
"2836180312","Austria","Europe","Needs Improvement"
"6379197128","Finland","Europe","Needs Improvement"
"3299457238","France","Europe","Needs Improvement"
"8049499036","Ireland","Europe","Needs Improvement"
"9905868457","France","Europe","Needs Improvement"
"8930593063","United States","Americas","Needs Improvement"
"7999985938","Nigeria","Middle East and Africa","Needs Improvement"
"4199646851","Australia","Asia Pacific","Needs Improvement"
"4597623157","Germany","Europe","Needs Improvement"
"1607466638","Netherlands","Europe","Needs Improvement"
"9236930989","Austria","Europe","Needs Improvement"
"4918700771","Mauritius","Middle East and Africa","Needs Improvement"
"7195828428","France","Europe","Needs Improvement"
"9714383022","Netherlands","Europe","Needs Improvement"
"1974112832","Netherlands","Europe","Needs Improvement"
"9375860067","Czech Republic","Europe","Needs Improvement"
"2301232528","Chile","Americas","Needs Improvement"
"5320349236","Australia","Asia Pacific","Needs Improvement"
"8333739724","Czech Republic","Europe","Needs Improvement"
"2961722057","Ireland","Europe","Needs Improvement"
"2234616440","United States","Americas","Needs Improvement"
"7980867655","Brazil","Americas","Needs Improvement"
"3945794357","United States","Americas","Needs Improvement"
"5963505961","United States","Americas","Needs Improvement"
"1364508614","United States","Americas","Needs Improvement"
"5838821024","Austria","Europe","Needs Improvement"
"9457885402","United Kingdom","Europe","Needs Improvement"
"6042334826","Ghana","Middle East and Africa","Needs Improvement"
"4532964669","Ecuador","Americas","Needs Improvement"
"7522495132","Malaysia","Asia Pacific","Needs Improvement"
"1850655414","France","Europe","Needs Improvement"
"5107619579","Netherlands","Europe","Needs Improvement"
"7618344716","India","Asia Pacific","Needs Improvement"
"5306284775","France","Europe","Needs Improvement"
"3906554408","Netherlands","Europe","Needs Improvement"
"7849272487","United States","Americas","Needs Improvement"
"9954182406","United States","Americas","Needs Improvement"
"5060619212","United States","Americas","Needs Improvement"
"4305736479","France","Europe","Needs Improvement"
"2465902628","India","Asia Pacific","Needs Improvement"
"4294480753","Ireland","Europe","Needs Improvement"
"2406178804","Netherlands","Europe","Needs Improvement"
"3746189134","France","Europe","Needs Improvement"
"1548413316","India","Asia Pacific","Needs Improvement"
"4993372338","Uganda","Middle East and Africa","Needs Improvement"
"2598909730","France","Europe","Needs Improvement"
"8000218581","United States","Americas","Needs Improvement"
"6842039034","United States","Americas","Needs Improvement"
"9623485126","Canada","Americas","Needs Improvement"
"2653641202","Kazakhstan","Asia Pacific","Needs Improvement"
"6890949716","France","Europe","Needs Improvement"
"7240610187","United States","Americas","Needs Improvement"
"3363093428","Canada","Americas","Needs Improvement"
"3384643104","United States","Americas","Needs Improvement"
"6541425432","Switzerland","Europe","Needs Improvement"
"1430453257","United States","Americas","Needs Improvement"
"4259436875","Switzerland","Europe","Needs Improvement"
"3081470434","Greece","Europe","Needs Improvement"
"3968024938","France","Europe","Needs Improvement"
"8000826665","Mauritius","Middle East and Africa","Needs Improvement"
"8334906716","Finland","Europe","Needs Improvement"
"1556173734","India","Asia Pacific","Needs Improvement"
"4568908853","France","Europe","Needs Improvement"
"2621570606","India","Asia Pacific","Needs Improvement"
"2999366610","Ireland","Europe","Needs Improvement"
"6944490551","Singapore","Asia Pacific","Needs Improvement"
"4605480036","United States","Americas","Needs Improvement"
"3608973667","Ireland","Europe","Needs Improvement"
"4072276124","France","Europe","Needs Improvement"
"5217471206","United States","Americas","Needs Improvement"
"9861622914","France","Europe","Needs Improvement"
"7820875936","Singapore","Asia Pacific","Needs Improvement"
"4155313359","United States","Americas","Needs Improvement"
"9884159902","Germany","Europe","Needs Improvement"
"1400362010","Spain","Europe","Needs Improvement"
"1818254771","United States","Americas","Needs Improvement"
"4343870906","France","Europe","Needs Improvement"
"5212328487","Ireland","Europe","Needs Improvement"
"1705844081","Switzerland","Europe","Needs Improvement"
"7899276402","Germany","Europe","Needs Improvement"
"6968349628","Switzerland","Europe","Needs Improvement"
"8029543808","Ireland","Europe","Needs Improvement"
"3746226016","Switzerland","Europe","Needs Improvement"
"7883059528","United States","Americas","Needs Improvement"
"7445852728","United States","Americas","Needs Improvement"
"2300640520","Czech Republic","Europe","Needs Improvement"
"4830252240","Slovenia","Europe","Needs Improvement"
"2250364251","Germany","Europe","Needs Improvement"
"7172794002","United States","Americas","Needs Improvement"
"5722537689","Poland","Europe","Needs Improvement"
"3841440089","United States","Americas","Needs Improvement"
"7088484802","Ireland","Europe","Needs Improvement"
"3953342938","Ireland","Europe","Needs Improvement"
"2675491612","United States","Americas","Needs Improvement"
"2893227806","United States","Americas","Needs Improvement"
"6023562671","Kenya","Middle East and Africa","Needs Improvement"
"3434920326","India","Asia Pacific","Needs Improvement"
"5357139820","Ghana","Middle East and Africa","Needs Improvement"
"2541000708","Canada","Americas","Needs Improvement"
"1033407518","France","Europe","Needs Improvement"
"7616794714","United States","Americas","Needs Improvement"
"7603109481","Australia","Asia Pacific","Needs Improvement"
"4714902316","Australia","Asia Pacific","Needs Improvement"
"3532150630","Chile","Americas","Needs Improvement"
"5195342759","United States","Americas","Needs Improvement"
"4742559326","United States","Americas","Needs Improvement"
"1596165518","United States","Americas","Needs Improvement"
"7680429008","Peru","Americas","Needs Improvement"
"1952145155","Greece","Europe","Needs Improvement"
"5219355985","Ghana","Middle East and Africa","Needs Improvement"
"1472704318","Belgium","Europe","Needs Improvement"
"7486291826","Chile","Americas","Needs Improvement"
"3872444879","Bulgaria","Europe","Needs Improvement"
"2160053628","Canada","Americas","Needs Improvement"
"5423721865","United States","Americas","Needs Improvement"
"9163137979","Saudi Arabia","Middle East and Africa","Needs Improvement"
"9518222040","United States","Americas","Needs Improvement"
"6204133783","United States","Americas","Needs Improvement"
"7111069075","United States","Americas","Needs Improvement"
"8773711751","Cameroon","Middle East and Africa","Needs Improvement"
"9119113728","France","Europe","Needs Improvement"
"3234569889","India","Asia Pacific","Needs Improvement"
"1240327736","United States","Americas","Needs Improvement"
"1115141579","Netherlands","Europe","Needs Improvement"
"8154904920","Norway","Europe","Needs Improvement"
"8063664683","Australia","Asia Pacific","Needs Improvement"
"7755375773","Greece","Europe","Needs Improvement"
"4041616514","Ghana","Middle East and Africa","Needs Improvement"
"9513440577","United States","Americas","Needs Improvement"
"9470960655","Switzerland","Europe","Needs Improvement"
"3434745371","France","Europe","Needs Improvement"
"6251174814","India","Asia Pacific","Needs Improvement"
"3844966606","United States","Americas","Needs Improvement"
"9847777859","United States","Americas","Needs Improvement"
"6580010012","Ireland","Europe","Needs Improvement"
"6301277081","France","Europe","Needs Improvement"
"4695426559","Ireland","Europe","Needs Improvement"
"7323708887","Switzerland","Europe","Needs Improvement"
"8231734573","Finland","Europe","Needs Improvement"
"1446751459","Ecuador","Americas","Needs Improvement"
"2452565414","Greece","Europe","Needs Improvement"
"7015310279","United States","Americas","Needs Improvement"
"4920815359","India","Asia Pacific","Needs Improvement"
"9667561387","France","Europe","Needs Improvement"
"6989864318","Canada","Americas","Needs Improvement"
"2432886332","United States","Americas","Needs Improvement"
"2350408010","United States","Americas","Needs Improvement"
"2366993704","Chile","Americas","Needs Improvement"
"7630868630","United States","Americas","Needs Improvement"
"2156362559","Mauritius","Middle East and Africa","Needs Improvement"
"4498648981","United States","Americas","Needs Improvement"
"2794525989","Switzerland","Europe","Needs Improvement"
"3441769087","France","Europe","Needs Improvement"
"9963208173","Netherlands","Europe","Needs Improvement"
"4396280683","Australia","Asia Pacific","Needs Improvement"
"1051562134","Netherlands","Europe","Needs Improvement"
"5552384420","Canada","Americas","Needs Improvement"
"2395245561","Germany","Europe","Needs Improvement"
"1798391279","United Kingdom","Europe","Needs Improvement"
"5227781232","France","Europe","Needs Improvement"
"7396858822","France","Europe","Needs Improvement"
"1238787189","United States","Americas","Needs Improvement"
"2372237614","Italy","Europe","Needs Improvement"
"4708830916","Australia","Asia Pacific","Needs Improvement"
"3376184757","France","Europe","Needs Improvement"
"2712752212","United States","Americas","Needs Improvement"
"6038622008","Canada","Americas","Needs Improvement"
"5182944624","France","Europe","Needs Improvement"
"6805214402","Japan","Asia Pacific","Needs Improvement"
"2301089730","United Kingdom","Europe","Needs Improvement"
"4315556636","Ireland","Europe","Needs Improvement"
"6483127722","Germany","Europe","Needs Improvement"
"6700881883","Germany","Europe","Needs Improvement"
"2739945832","Netherlands","Europe","Needs Improvement"
"5903745255","Switzerland","Europe","Needs Improvement"
"4216998565","United States","Americas","Needs Improvement"
"9961901212","Mauritius","Middle East and Africa","Needs Improvement"
"7613508404","United States","Americas","Needs Improvement"
"8916841630","Austria","Europe","Needs Improvement"
"9041658967","United States","Americas","Needs Improvement"
"3795382583","Czech Republic","Europe","Needs Improvement"
"7258091457","Germany","Europe","Needs Improvement"
"2401414365","Australia","Asia Pacific","Needs Improvement"
"4387613338","Macedonia","Europe","Needs Improvement"
"1169296171","Ireland","Europe","Needs Improvement"
"5760722240","Netherlands","Europe","Needs Improvement"
"6019429961","United States","Americas","Needs Improvement"
"8946254806","United States","Americas","Needs Improvement"
"8917959451","Netherlands","Europe","Needs Improvement"
"7473084173","Australia","Asia Pacific","Needs Improvement"
"3033279430","Aruba","Americas","Needs Improvement"
"3650179728","Hungary","Europe","Needs Improvement"
"9638188875","Austria","Europe","Needs Improvement"
"8366402328","United States","Americas","Needs Improvement"
"3028573622","Nigeria","Middle East and Africa","Needs Improvement"
"4917896926","Nigeria","Middle East and Africa","Needs Improvement"
"2787303673","Portugal","Europe","Needs Improvement"
"9990452855","Poland","Europe","Needs Improvement"
"9846675171","Australia","Asia Pacific","Needs Improvement"
"2229680828","United States","Americas","Needs Improvement"
"7736161977","United States","Americas","Needs Improvement"
"3026452418","United States","Americas","Needs Improvement"
"7015146675","Canada","Americas","Needs Improvement"
"7134238740","United States","Americas","Needs Improvement"
"8142014077","United States","Americas","Needs Improvement"
"2245178967","Poland","Europe","Needs Improvement"
"8127716030","France","Europe","Needs Improvement"
"9490487479","United States","Americas","Needs Improvement"
"7098456269","Netherlands","Europe","Needs Improvement"
"9212644461","United States","Americas","Needs Improvement"
"9241085453","Spain","Europe","Needs Improvement"
"1115671169","Switzerland","Europe","Needs Improvement"
"6852272457","France","Europe","Needs Improvement"
"4262563363","United States","Americas","Needs Improvement"
"6574471989","United States","Americas","Needs Improvement"
"1839426167","United States","Americas","Needs Improvement"
"8531550008","Netherlands","Europe","Needs Improvement"
"4834493710","Australia","Asia Pacific","Needs Improvement"
"6188135367","Ireland","Europe","Needs Improvement"
"4958495851","South Africa","Middle East and Africa","Needs Improvement"
"7341563712","Canada","Americas","Needs Improvement"
"7568389034","United States","Americas","Needs Improvement"
"4592462471","Canada","Americas","Needs Improvement"
"7759910408","United States","Americas","Needs Improvement"
"9605391985","United States","Americas","Needs Improvement"
"4086437989","Poland","Europe","Needs Improvement"
"8690461736","United States","Americas","Needs Improvement"
"7880486275","Australia","Asia Pacific","Needs Improvement"
"7853239702","Portugal","Europe","Needs Improvement"
"9518268377","France","Europe","Needs Improvement"
"5984819212","Australia","Asia Pacific","Needs Improvement"
"9579573412","Portugal","Europe","Needs Improvement"
"4982853314","France","Europe","Needs Improvement"
"8754464855","United States","Americas","Needs Improvement"
"4036239261","Italy","Europe","Needs Improvement"
"8193255914","Ireland","Europe","Needs Improvement"
"7045043104","Australia","Asia Pacific","Needs Improvement"
"7889319120","Ireland","Europe","Needs Improvement"
"1203771681","Egypt","Middle East and Africa","Needs Improvement"
"7040508469","United States","Americas","Needs Improvement"
"6788088710","United Kingdom","Europe","Needs Improvement"
"6210961738","United States","Americas","Needs Improvement"
"2342511410","Czech Republic","Europe","Needs Improvement"
"6441637951","United States","Americas","Needs Improvement"
"2860646530","Slovenia","Europe","Needs Improvement"
"5704956171","Nigeria","Middle East and Africa","Needs Improvement"
"3615779873","United States","Americas","Needs Improvement"
"1381193608","United States","Americas","Needs Improvement"
"1749522204","India","Asia Pacific","Needs Improvement"
"6857053920","United States","Americas","Needs Improvement"
"8699017487","India","Asia Pacific","Needs Improvement"
"5608084289","Canada","Americas","Needs Improvement"
"2520452524","France","Europe","Needs Improvement"
"8496890083","Canada","Americas","Needs Improvement"
"1160445359","United States","Americas","Needs Improvement"
"5498843585","Ireland","Europe","Needs Improvement"
"9868982355","Lithuania","Europe","Needs Improvement"
"7225907381","Canada","Americas","Needs Improvement"
"6589227753","Spain","Europe","Needs Improvement"
"2617022734","France","Europe","Needs Improvement"
"2551260610","Portugal","Europe","Needs Improvement"
"9507631138","France","Europe","Needs Improvement"
"4435806238","Ireland","Europe","Needs Improvement"
"3577561279","Italy","Europe","Needs Improvement"
"6717566877","Germany","Europe","Needs Improvement"
"3650475732","France","Europe","Needs Improvement"
"2954460020","Singapore","Asia Pacific","Needs Improvement"
"6432151628","Nigeria","Middle East and Africa","Needs Improvement"
"9016769075","United States","Americas","Needs Improvement"
"5522764132","United States","Americas","Needs Improvement"
"1976018422","Netherlands","Europe","Needs Improvement"
"5778909951","India","Asia Pacific","Needs Improvement"
"1441455534","Germany","Europe","Needs Improvement"
"4440608502","Greece","Europe","Needs Improvement"
"9961118173","Hungary","Europe","Needs Improvement"
"7791119471","United States","Americas","Needs Improvement"
"2307657620","Netherlands","Europe","Needs Improvement"
"5410918971","Norway","Europe","Needs Improvement"
"7965287240","Australia","Asia Pacific","Needs Improvement"
"8307484240","Ireland","Europe","Needs Improvement"
"4701716412","Portugal","Europe","Needs Improvement"
"6668224957","Canada","Americas","Needs Improvement"
"5103511457","United States","Americas","Needs Improvement"
"6307512085","United States","Americas","Needs Improvement"
"5883639665","United States","Americas","Needs Improvement"
"7256667234","United States","Americas","Needs Improvement"
"1383987210","Canada","Americas","Needs Improvement"
"3571480424","Canada","Americas","Needs Improvement"
"5845143034","Ireland","Europe","Needs Improvement"
"7106987432","United States","Americas","Needs Improvement"
"6579697932","United States","Americas","Needs Improvement"
"8101121987","Ghana","Middle East and Africa","Needs Improvement"
"2159615769","France","Europe","Needs Improvement"
"4008952967","Ireland","Europe","Needs Improvement"
"1891459555","United States","Americas","Needs Improvement"
"1386071532","United States","Americas","Needs Improvement"
"3913590418","Germany","Europe","Needs Improvement"
"1255901530","Belgium","Europe","Needs Improvement"
"1821282902","Germany","Europe","Needs Improvement"
"6818385173","Switzerland","Europe","Needs Improvement"
"3925486385","Ireland","Europe","Needs Improvement"
"6150971228","United States","Americas","Needs Improvement"
"9928817773","United States","Americas","Needs Improvement"
"5207187659","United States","Americas","Needs Improvement"
"7042994716","United States","Americas","Needs Improvement"
"8031304704","United States","Americas","Needs Improvement"
"9304996836","Germany","Europe","Needs Improvement"
"7493614385","Portugal","Europe","Needs Improvement"
"2823106002","Brazil","Americas","Needs Improvement"
"3795107385","Ireland","Europe","Needs Improvement"
"4470255269","Hungary","Europe","Needs Improvement"
"2186864238","Ireland","Europe","Needs Improvement"
"2164442626","United States","Americas","Needs Improvement"
"4325403267","France","Europe","Needs Improvement"
"1475399563","India","Asia Pacific","Needs Improvement"
"3561284826","Greece","Europe","Needs Improvement"
"2044239361","France","Europe","Needs Improvement"
"4559501024","France","Europe","Needs Improvement"
"9821598030","France","Europe","Needs Improvement"
"2977476479","Nigeria","Middle East and Africa","Needs Improvement"
"4649187477","United States","Americas","Needs Improvement"
"7129527259","United States","Americas","Needs Improvement"
"4801328938","United States","Americas","Needs Improvement"
"7239501826","United States","Americas","Needs Improvement"
"6557194987","Germany","Europe","Needs Improvement"
"3189839202","Australia","Asia Pacific","Needs Improvement"
"2539798720","Mauritius","Middle East and Africa","Needs Improvement"
"4156301614","Australia","Asia Pacific","Needs Improvement"
"4638753563","Greece","Europe","Needs Improvement"
"3862596357","United States","Americas","Needs Improvement"
"8494769822","Saudi Arabia","Middle East and Africa","Needs Improvement"
"5062253381","United States","Americas","Needs Improvement"
"2793400604","United Kingdom","Europe","Needs Improvement"
"6191921006","Ireland","Europe","Needs Improvement"
"9540493285","Ireland","Europe","Needs Improvement"
"4262517969","Canada","Americas","Needs Improvement"
"9382065753","Netherlands","Europe","Needs Improvement"
"3100242589","Greece","Europe","Needs Improvement"
"4098636581","Portugal","Europe","Needs Improvement"
"5095520287","Mauritius","Middle East and Africa","Needs Improvement"
"5485960306","United States","Americas","Needs Improvement"
"4092208655","Ireland","Europe","Needs Improvement"
"2159262077","Germany","Europe","Needs Improvement"
"2491595422","United States","Americas","Needs Improvement"
"5690282683","United States","Americas","Needs Improvement"
"4883717420","United States","Americas","Needs Improvement"
"9968827524","Netherlands","Europe","Needs Improvement"
"9567978179","Lebanon","Middle East and Africa","Needs Improvement"
"1288741928","United States","Americas","Needs Improvement"
"9924157359","France","Europe","Needs Improvement"
"3158902508","Germany","Europe","Needs Improvement"
"4967818565","France","Europe","Needs Improvement"
"1415012806","United States","Americas","Needs Improvement"
"4685880657","India","Asia Pacific","Needs Improvement"
"4877590228","United States","Americas","Needs Improvement"
"6673816881","Slovenia","Europe","Needs Improvement"
"8418344928","United States","Americas","Needs Improvement"
"4557180277","United States","Americas","Needs Improvement"
"9220494714","Norway","Europe","Needs Improvement"
"4654151459","Italy","Europe","Needs Improvement"
"2346093724","United States","Americas","Needs Improvement"
"6806202657","France","Europe","Needs Improvement"
"1489356212","France","Europe","Needs Improvement"
"5515849171","United States","Americas","Needs Improvement"
"4144706381","Ireland","Europe","Needs Improvement"
"5809569561","Switzerland","Europe","Needs Improvement"
"7343912834","United States","Americas","Needs Improvement"
"8634186883","United States","Americas","Needs Improvement"
"5088043579","France","Europe","Needs Improvement"
"7250991138","Australia","Asia Pacific","Needs Improvement"
"5561511373","United Kingdom","Europe","Needs Improvement"
"4527017157","Turkey","Middle East and Africa","Needs Improvement"
"8100321924","Norway","Europe","Needs Improvement"
"4336136024","United States","Americas","Needs Improvement"
"8923004761","Norway","Europe","Needs Improvement"
"3577770277","United States","Americas","Needs Improvement"
"9198432467","Portugal","Europe","Needs Improvement"
"5538340765","France","Europe","Needs Improvement"
"5906182326","Ireland","Europe","Needs Improvement"
"8897969232","Ireland","Europe","Poor"
"9790176187","United States","Americas","Poor"
"3500382659","United States","Americas","Poor"
"3442709114","Turkey","Middle East and Africa","Poor"
"1247311736","United States","Americas","Poor"
"9951184536","United States","Americas","Poor"
"6538015234","France","Europe","Poor"
"4627532828","United States","Americas","Poor"
"3406665630","Kenya","Middle East and Africa","Poor"
"3551025867","United States","Americas","Poor"
"2136511361","Saudi Arabia","Middle East and Africa","Poor"
"4994707669","United States","Americas","Poor"
"6826835008","Netherlands","Europe","Poor"
"4620210269","United States","Americas","Poor"
"9578673106","United States","Americas","Poor"
"1085336881","United States","Americas","Poor"
"1220939928","Germany","Europe","Poor"
"7073516253","Germany","Europe","Poor"
"1225133165","Singapore","Asia Pacific","Poor"
"6131966430","United States","Americas","Poor"
"4760180565","United States","Americas","Poor"
"1219248071","Belgium","Europe","Poor"
"2501083636","United States","Americas","Poor"
"8100455267","Pakistan","Middle East and Africa","Poor"
"5094475287","Singapore","Asia Pacific","Poor"
"3587149736","United States","Americas","Poor"
"7300786055","Netherlands","Europe","Poor"
"6029139467","Norway","Europe","Poor"
"1921451502","United States","Americas","Poor"
"2054935236","Ireland","Europe","Poor"
"5103502002","United States","Americas","Poor"
"8002213063","Netherlands","Europe","Poor"
"2079351330","India","Asia Pacific","Poor"
"1652081006","France","Europe","Poor"
"3450322004","United States","Americas","Poor"
"8890743134","United States","Americas","Poor"
"1591135336","Greece","Europe","Poor"
"8174209504","Switzerland","Europe","Poor"
"2808284038","United States","Americas","Poor"
"4911769734","United States","Americas","Poor"
"1323269453","United States","Americas","Poor"
"3123494530","Finland","Europe","Poor"
"9295145475","United States","Americas","Poor"
"2988583734","Ireland","Europe","Poor"
"3958853534","Australia","Asia Pacific","Poor"
"5773888281","Slovenia","Europe","Poor"
"6582626763","Greece","Europe","Poor"
"1674622724","Ireland","Europe","Poor"
"3299004251","United States","Americas","Poor"
"3507950155","United States","Americas","Poor"
"5125661653","Greece","Europe","Poor"
"2653816157","United States","Americas","Poor"
"8104801710","Netherlands","Europe","Poor"
"9480732579","United States","Americas","Poor"
"7751245902","Netherlands","Europe","Poor"
"8308584089","United States","Americas","Poor"
"1260786075","Ireland","Europe","Poor"
"2848738269","India","Asia Pacific","Poor"
"5820220985","France","Europe","Poor"
"8414439183","United States","Americas","Poor"
"4467647973","United States","Americas","Poor"
"8551068320","Australia","Asia Pacific","Poor"
"8109900926","United States","Americas","Poor"
"2522667355","Malaysia","Asia Pacific","Poor"
"7145076465","United States","Americas","Poor"
"1262489283","Netherlands","Europe","Poor"
"9482464157","United States","Americas","Poor"
"6530746581","United States","Americas","Poor"
"3776193375","United States","Americas","Poor"
"4727648465","Switzerland","Europe","Poor"
"5946279083","Ireland","Europe","Poor"
"1688202036","United Kingdom","Europe","Poor"
"8140119838","United States","Americas","Poor"
"8194926022","Netherlands","Europe","Poor"
"9757196773","Australia","Asia Pacific","Poor"
"3035542489","United States","Americas","Poor"
"9747225306","Slovenia","Europe","Poor"
"8712055863","United States","Americas","Poor"
"2269361475","India","Asia Pacific","Poor"
"2328841310","United States","Americas","Poor"
"7940016234","United States","Americas","Poor"
"5728784987","Australia","Asia Pacific","Poor"
"2936974020","Australia","Asia Pacific","Poor"
"6596776334","Greece","Europe","Poor"
"4083199912","United States","Americas","Poor"
"6970690238","United States","Americas","Poor"
"7388278483","United States","Americas","Poor"
"9824870155","Ireland","Europe","Poor"
"6225843281","United States","Americas","Poor"
"8710744177","United States","Americas","Poor"
"2251742132","Ireland","Europe","Poor"
"6325375422","Turkey","Middle East and Africa","Poor"
"7525980985","United States","Americas","Poor"
"3706536857","Finland","Europe","Poor"
"4377695777","United States","Americas","Poor"
"4685131661","United States","Americas","Poor"
"5265317030","United States","Americas","Poor"
"9264274028","United States","Americas","Poor"
"3738948851","United States","Americas","Poor"
"4152418571","Netherlands","Europe","Poor"
"3480959865","United States","Americas","Poor"
"8424999824","United States","Americas","Poor"
"9948913908","South Africa","Middle East and Africa","Poor"
"1222501281","United States","Americas","Poor"
"1056643383","United States","Americas","Poor"
"9247780065","Norway","Europe","Poor"
"1401119518","Switzerland","Europe","Poor"
"1288758004","United States","Americas","Poor"
"2034300051","United States","Americas","Poor"
"3437244855","Chile","Americas","Poor"
"1595715365","Canada","Americas","Poor"
"9206208018","Hungary","Europe","Poor"
"8595506785","Germany","Europe","Poor"
"4037075263","Ireland","Europe","Poor"
"4955971779","United States","Americas","Poor"
"2493073551","Ireland","Europe","Poor"
"1718804906","United States","Americas","Poor"
"4129936432","United States","Americas","Poor"
"8614098312","United States","Americas","Poor"
"5447919506","United States","Americas","Poor"
"4050542038","United States","Americas","Poor"
"1757297755","Netherlands","Europe","Poor"
"1329456224","Singapore","Asia Pacific","Poor"
"1016051079","United States","Americas","Poor"
"2635967953","Netherlands","Europe","Poor"
"3495560532","Ireland","Europe","Poor"
"4752350165","United Kingdom","Europe","Poor"
"2011995706","Ireland","Europe","Poor"
"1235065859","United States","Americas","Poor"
"6522669353","United States","Americas","Poor"
"7946484824","United States","Americas","Poor"
"4663518624","United States","Americas","Poor"
"5165875677","United States","Americas","Poor"
"9884522106","United States","Americas","Poor"
"2995876975","United States","Americas","Poor"
"2533412406","Ireland","Europe","Poor"
"4302186322","Canada","Americas","Poor"
"4345607214","United States","Americas","Poor"
"9737367324","United States","Americas","Poor"
"6053983022","Ireland","Europe","Poor"
"4475599422","United States","Americas","Poor"
"4421316212","Portugal","Europe","Poor"
"8776958340","France","Europe","Poor"
"4382169885","France","Europe","Poor"
"8218097573","Switzerland","Europe","Poor"
"7663123636","Ireland","Europe","Poor"
"3033200936","United States","Americas","Poor"
"5801209571","Canada","Americas","Poor"
"9335780334","United States","Americas","Poor"
"4995731863","United States","Americas","Poor"
"7346822755","Canada","Americas","Poor"
"9208332061","United States","Americas","Poor"
"4834619489","United States","Americas","Poor"
"2503504626","France","Europe","Poor"
"5360163226","United States","Americas","Poor"
"9570017112","Canada","Americas","Poor"
"9214059224","United States","Americas","Poor"
"1095654471","India","Asia Pacific","Poor"
"6391752251","Ireland","Europe","Poor"
"7040559536","South Africa","Middle East and Africa","Poor"
"9081152365","United States","Americas","Poor"
"2774691810","Portugal","Europe","Poor"
"8782239132","Norway","Europe","Poor"
"3446107018","United States","Americas","Poor"
"1796255885","Finland","Europe","Poor"
"4082450916","India","Asia Pacific","Poor"
"8813515338","France","Europe","Poor"
"7550529479","Norway","Europe","Poor"
"9293136808","United States","Americas","Poor"
"9931887516","United States","Americas","Poor"
"4390827775","Ireland","Europe","Poor"
"8885218353","United States","Americas","Poor"
"8495893316","United States","Americas","Poor"
"2774865822","Ireland","Europe","Poor"
"8190948404","France","Europe","Poor"
"7247315202","United States","Americas","Poor"
"8191657679","United States","Americas","Poor"
"5366093714","United States","Americas","Poor"
"1599388467","United States","Americas","Poor"
"5918997514","United States","Americas","Poor"
"8859416804","Australia","Asia Pacific","Poor"
"9646206524","United States","Americas","Poor"
"4587444583","United States","Americas","Poor"
"3686857775","Greece","Europe","Poor"
"8483785512","United States","Americas","Poor"
"5646799373","Poland","Europe","Disqualified"
"4195240834","Switzerland","Europe","Disqualified"
"3212039522","France","Europe","Disqualified"
"3793548871","France","Europe","Disqualified"
"3278935538","United States","Americas","Disqualified"
"3581851920","Mauritius","Middle East and Africa","Disqualified"
"8921805612","Spain","Europe","Disqualified"
"5600995316","United States","Americas","Disqualified"
"9533798673","United States","Americas","Disqualified"
"3018751579","France","Europe","Disqualified"
"1903256222","Nigeria","Middle East and Africa","Disqualified"
"2855323183","United States","Americas","Disqualified"
"2504378453","Spain","Europe","Disqualified"
"1837984920","United States","Americas","Disqualified"
"7942076916","Vietnam","Asia Pacific","Disqualified"
"4331834032","Ireland","Europe","Disqualified"
"7289183253","Germany","Europe","Disqualified"
"2968513130","France","Europe","Disqualified"
"9772268404","Singapore","Asia Pacific","Disqualified"
"2678158487","Croatia","Europe","Disqualified"
"6437494838","Switzerland","Europe","Disqualified"
"7843487636","United States","Americas","Disqualified"
"8304376667","France","Europe","Disqualified"
"7220498924","France","Europe","Disqualified"
"3917264463","Spain","Europe","Disqualified"
"8450687883","Nigeria","Middle East and Africa","Disqualified"
"7915321155","United States","Americas","Disqualified"
"7055552673","United States","Americas","Disqualified"
"2477264275","United States","Americas","Disqualified"
"9688019726","Nigeria","Middle East and Africa","Disqualified"
"8879025904","Greece","Europe","Disqualified"
"4410253408","Australia","Asia Pacific","Disqualified"
"8601253806","India","Asia Pacific","Disqualified"
"8374810551","United States","Americas","Disqualified"
"7845118971","Ireland","Europe","Disqualified"
"8546492073","Nigeria","Middle East and Africa","Disqualified"
"9476255632","Spain","Europe","Disqualified"
"9822784885","Philippines","Asia Pacific","Disqualified"
"2032613867","Ireland","Europe","Disqualified"
"2294613571","United States","Americas","Disqualified"
"7812797765","France","Europe","Disqualified"
"7442127616","France","Europe","Disqualified"
"1105795220","United States","Americas","Disqualified"
"5169157257","Australia","Asia Pacific","Disqualified"
"8470354671","France","Europe","Disqualified"
"1574860779","United States","Americas","Disqualified"
"6111762483","Mauritius","Middle East and Africa","Disqualified"
"8431997061","Italy","Europe","Disqualified"
"2015204465","India","Asia Pacific","Disqualified"
"4303656887","United States","Americas","Disqualified"
"1228320175","France","Europe","Disqualified"
"7070400173","United States","Americas","Disqualified"
"1011223279","Canada","Americas","Disqualified"
"7977172804","India","Asia Pacific","Disqualified"
"2661114128","Finland","Europe","Disqualified"
"5665658534","France","Europe","Disqualified"
"4156155977","Ireland","Europe","Disqualified"
"9418413753","United States","Americas","Disqualified"
"5397609189","France","Europe","Disqualified"
"9400704565","Ireland","Europe","Disqualified"
"4171638040","Ireland","Europe","Disqualified"
"2104190155","United States","Americas","Disqualified"
"7792424536","Spain","Europe","Disqualified"
"2597516716","United Kingdom","Europe","Disqualified"
"4398794357","Ireland","Europe","Disqualified"
"3244509204","United States","Americas","Disqualified"
"1990450755","Czech Republic","Europe","Disqualified"
"4792479079","France","Europe","Disqualified"
"7268370279","France","Europe","Disqualified"
"6858190651","Singapore","Asia Pacific","Disqualified"
"7571524977","Uganda","Middle East and Africa","Disqualified"
"9884351881","United States","Americas","Disqualified"
"3593050906","Switzerland","Europe","Disqualified"
"6742127665","United States","Americas","Disqualified"
"8113765059","United Kingdom","Europe","Disqualified"
"4475636304","United States","Americas","Disqualified"
"9128467651","Singapore","Asia Pacific","Disqualified"
"9670105322","Australia","Asia Pacific","Disqualified"
"8609331034","Spain","Europe","Disqualified"
"8150022271","Ireland","Europe","Disqualified"
"5823196163","France","Europe","Disqualified"
"6701347169","United States","Americas","Disqualified"
"5983927418","Ecuador","Americas","Disqualified"
"3053155216","Chile","Americas","Disqualified"
"5828211212","Netherlands","Europe","Disqualified"
"4172137369","France","Europe","Disqualified"
"3885504061","United Kingdom","Europe","Disqualified"
"1602845002","United States","Americas","Disqualified"
"5467129520","United States","Americas","Disqualified"
"2842227124","Australia","Asia Pacific","Disqualified"
"1782003232","Ghana","Middle East and Africa","Disqualified"
"4812778534","Belgium","Europe","Disqualified"
"7241843379","United States","Americas","Disqualified"
"7971937406","United Kingdom","Europe","Disqualified"
"6646655418","Ireland","Europe","Disqualified"
"6653095638","Ireland","Europe","Disqualified"
"7467543316","United States","Americas","Disqualified"
"5806490363","United States","Americas","Disqualified"
"2083036726","United States","Americas","Disqualified"
"7335744818","Ireland","Europe","Disqualified"
"3540367822","South Africa","Middle East and Africa","Disqualified"
"9666006655","India","Asia Pacific","Disqualified"
"6501102653","South Africa","Middle East and Africa","Disqualified"
"3606579151","Switzerland","Europe","Disqualified"
"9943283206","Hungary","Europe","Disqualified"
"6023857732","United States","Americas","Disqualified"
"2617059616","United States","Americas","Disqualified"
"9342139226","Australia","Asia Pacific","Disqualified"
"7044864367","United States","Americas","Disqualified"
"6483392522","Canada","Americas","Disqualified"
"3665643824","Poland","Europe","Disqualified"
"7063903208","United States","Americas","Disqualified"
"1472121765","Australia","Asia Pacific","Disqualified"
"4446817975","United States","Americas","Disqualified"
"7436944228","Australia","Asia Pacific","Disqualified"
"1990909420","Belgium","Europe","Disqualified"
"8786144877","United States","Americas","Disqualified"
"8672789430","United Kingdom","Europe","Disqualified"
"5345694006","Nigeria","Middle East and Africa","Disqualified"
"8356031775","United States","Americas","Disqualified"
"1880939583","South Africa","Middle East and Africa","Disqualified"
"8763944557","United States","Americas","Disqualified"
"3893516032","Switzerland","Europe","Disqualified"
"3898684287","Ireland","Europe","Disqualified"
"4034833953","Australia","Asia Pacific","Disqualified"
"3035720283","United States","Americas","Disqualified"
"8195772422","Switzerland","Europe","Disqualified"
"8470299822","Ireland","Europe","Disqualified"
"6454400181","United States","Americas","Disqualified"
"7088602069","United States","Americas","Disqualified"
"1493779253","United States","Americas","Disqualified"
"4279895214","France","Europe","Disqualified"
"9161739287","Switzerland","Europe","Disqualified"
"5826000163","Ireland","Europe","Disqualified"
"3807776936","Ireland","Europe","Disqualified"
"3046061518","United States","Americas","Disqualified"
"8523333759","United States","Americas","Disqualified"
"7565365628","Chile","Americas","Disqualified"
"9395423773","Mauritius","Middle East and Africa","Disqualified"
"2971265120","United States","Americas","Disqualified"
"6059602373","United States","Americas","Disqualified"
"6713138163","United States","Americas","Disqualified"
"4967714540","Canada","Americas","Disqualified"
"1853902951","United States","Americas","Disqualified"
"4774095602","United States","Americas","Disqualified"
"4233952136","Netherlands","Europe","Disqualified"
"5625489904","Netherlands","Europe","Disqualified"
"1562323628","United States","Americas","Disqualified"
"8467275473","United States","Americas","Disqualified"
"3553466720","United States","Americas","Disqualified"
"6488408514","Greece","Europe","Disqualified"
"3497599465","Ireland","Europe","Disqualified"
"7950382057","Ireland","Europe","Disqualified"
"4236879081","Ireland","Europe","Disqualified"
"4016418324","Ireland","Europe","Disqualified"
"2036921532","United States","Americas","Disqualified"
"3775597585","Canada","Americas","Disqualified"
"7506741653","Poland","Europe","Disqualified"
"1755016724","United States","Americas","Disqualified"
"7705909965","United States","Americas","Disqualified"
"5610362481","United States","Americas","Disqualified"
"5200524251","Australia","Asia Pacific","Disqualified"
"9999819077","United States","Americas","Disqualified"
"9923564408","United States","Americas","Disqualified"
"6716629689","Australia","Asia Pacific","Disqualified"
"4344078961","United States","Americas","Disqualified"
"7190525887","Canada","Americas","Disqualified"
"2656591787","Ireland","Europe","Disqualified"
"3771620910","France","Europe","Disqualified"
"2713186289","United States","Americas","Disqualified"
"8703717622","United States","Americas","Disqualified"
"5327999951","Ireland","Europe","Disqualified"
"4241567865","United States","Americas","Disqualified"
"6068115569","United States","Americas","Disqualified"
"9057120224","United States","Americas","Disqualified"
"1432982059","United States","Americas","Disqualified"
"4533955763","Netherlands","Europe","Disqualified"
"2650792751","Portugal","Europe","Disqualified"
"9452825902","France","Europe","Disqualified"
"6766980675","United States","Americas","Disqualified"
"8713373222","United States","Americas","Disqualified"
"8510025863","United States","Americas","Disqualified"
"7175502489","Ireland","Europe","Disqualified"
"6520079081","Netherlands","Europe","Disqualified"
"7817667177","United States","Americas","Disqualified"
"5529277173","United States","Americas","Disqualified"
"9743043420","Ireland","Europe","Disqualified"
"1732263169","United States","Americas","Disqualified"
"7898040371","United States","Americas","Disqualified"
"1886079463","Poland","Europe","Disqualified"
"3065849355","United States","Americas","Disqualified"
"6099099553","Portugal","Europe","Disqualified"
"3804780957","United States","Americas","Disqualified"
"8154961665","Netherlands","Europe","Disqualified"
"4720147169","India","Asia Pacific","Disqualified"
"9221835718","United States","Americas","Disqualified"
"2610691269","United States","Americas","Disqualified"
"6812884032","United States","Americas","Disqualified"
"4083450522","United States","Americas","Disqualified"
"6415722922","Canada","Americas","Disqualified"
"1461203655","Netherlands","Europe","Disqualified"
"2538722516","United States","Americas","Disqualified"
"8336717736","United States","Americas","Disqualified"
"9044103602","Australia","Asia Pacific","Disqualified"
"3266027671","South Africa","Middle East and Africa","Disqualified"
"5267011726","South Africa","Middle East and Africa","Disqualified"
"3199605453","United States","Americas","Disqualified"
"2251921812","Ireland","Europe","Disqualified"
"7935289620","France","Europe","Disqualified"
"4103529638","United States","Americas","Disqualified"
"9272388138","United States","Americas","Disqualified"
"9476650936","Netherlands","Europe","Disqualified"
"7562770626","Belgium","Europe","Disqualified"
"7624818036","Germany","Europe","Disqualified"
"1996232767","France","Europe","Disqualified"
"4604271432","United States","Americas","Disqualified"
"1908537014","Italy","Europe","Disqualified"
"1287071820","United States","Americas","Disqualified"
"2793725926","United States","Americas","Disqualified"
"8169072463","Nigeria","Middle East and Africa","Disqualified"
"1400011157","United States","Americas","Disqualified"
"5149318353","United States","Americas","Disqualified"
"7015080475","Netherlands","Europe","Disqualified"
"7669734081","Chile","Americas","Disqualified"
"4393930618","United States","Americas","Disqualified"
"3090955814","Ecuador","Americas","Disqualified"
"5290307165","Chile","Americas","Disqualified"